,x1,x2,target
0,0.30662785958056094,0.49950640848419514,1.0
1,1.170077170528891,0.3663371530933359,1.0
2,-1.5209362814656484,-0.8689979867063456,0.0
3,-0.857304607752831,1.8950286777928351,0.0
4,-1.2361830915304113,-1.5934949452797484,0.0
5,0.4142778455628937,1.3977304414890572,1.0
6,-1.6599907003097736,-0.43012027133341113,0.0
7,-0.99553463397753,1.3617108685269972,0.0
8,-1.1662719515800792,-0.8447233988096976,0.0
9,0.6001921512464372,-1.4382422133093462,1.0
10,-0.9535396255391092,1.1821837289836326,0.0
11,-0.5436022763203647,-0.2028195618160732,0.0
12,-1.4213167147821006,-2.234296295650315,0.0
13,1.3508458689336449,-2.6914702617068924,1.0
14,-0.6241311221723654,-1.638975669718882,0.0
15,-1.3249724269084022,-1.3492930657037832,0.0
16,0.624329210393169,1.4371691931873096,1.0
17,0.6588427780917869,-0.7902419039410618,1.0
18,0.5966818452919234,0.9039844970575696,1.0
19,-1.188800475327072,1.338439717132104,1.0
20,0.8132054025179515,0.25568143395938325,1.0
21,1.5785113456506437,-2.9649226438966503,1.0
22,0.8983713646846281,1.1521309255333652,1.0
23,1.9004618586739683,1.3393110422677577,1.0
24,-1.021076300348389,0.7942316864294761,0.0
25,-1.0391214840987115,1.198174118196607,0.0
26,0.36142838761150897,1.0222048855982353,1.0
27,-0.8317768434018035,0.7845230811863764,0.0
28,-1.1436570110629527,-0.48526843188628566,0.0
29,-0.5003257887599049,-2.1165000658484514,0.0
30,1.1680136570150723,-0.13533478183454672,1.0
31,-1.0080019016131936,1.4141534099715147,0.0
32,-0.06909773921356521,-1.5401180620911852,0.0
33,-1.1055966809106748,0.4071129044769096,0.0
34,-0.9651955068302831,1.7498617416866633,0.0
35,-1.159982127963001,-0.1812756996646423,0.0
36,1.1825006335776571,1.9286848406533017,1.0
37,-1.3057553093665157,1.7227473661747612,0.0
38,-1.0220855465891758,0.9365326304545588,0.0
39,-0.9111822998134063,0.6787898336308451,0.0
40,0.9278355305745078,1.7623118710184285,1.0
41,-1.0681108549406106,1.2101561903075932,0.0
42,1.0606742059539607,1.0295550662761646,1.0
43,2.2465965990755246,-1.471285491734093,1.0
44,-1.1950347330489584,0.676731940184873,0.0
45,0.6417550634670603,0.5182193444827818,1.0
46,-0.7150481421242849,1.1499994857168037,0.0
47,-0.8858795657139874,0.4763763231168223,0.0
48,0.7799869470999485,-1.022928868629193,1.0
49,1.227057893528916,0.93219511907893,1.0
50,0.20259807786379158,1.5651500356227568,1.0
51,1.741272139547776,-1.7964929870579898,1.0
52,0.9473499299348697,0.36486230227339456,1.0
53,2.125828539065223,-2.4465223817212527,1.0
54,-0.04439049542771656,0.10465119823936342,1.0
55,-0.9062780670372387,1.2058101269662869,0.0
56,2.1477529375247775,-2.083356260309751,1.0
57,1.4065666104042778,1.52098515787522,1.0
58,0.3932676605546598,-0.39131320894989596,1.0
59,0.4297769614120456,0.30246285066121525,1.0
60,0.5545917352152154,1.6515083393348036,1.0
61,1.8154959327425826,-2.310956512892757,1.0
62,0.4198238434972441,0.47102004861161373,1.0
63,-1.0217669549477322,1.3008774044146822,0.0
64,-1.1800667746624507,0.9524769542743228,0.0
65,1.089621308007997,1.1006505074478738,1.0
66,-1.191184423015786,0.6742191845178787,0.0
67,-1.147052664024695,-0.8685007673222913,0.0
68,-1.5511831471791482,0.4873240820072038,0.0
69,-1.0471996906026173,-0.5748902708305699,0.0
70,-0.9272519587236834,1.6550255104400864,0.0
71,1.6984073204399088,-2.015554775152581,1.0
72,-1.206628646988107,0.7254754011561946,0.0
73,0.345367843698003,-0.15076960910511306,1.0
74,-0.7284141639292322,-1.1058772897650102,0.0
75,-0.9188030528471586,0.3862363242408995,0.0
76,-1.4365457293026749,0.34783507539537073,0.0
77,0.7007808387454881,0.6368616333922953,1.0
78,-1.3355405852344655,-0.04566505942148236,0.0
79,0.7962982806715937,-1.1162166774692588,1.0
80,-1.1832675946410118,-0.18460061054075716,0.0
81,2.0506994869756663,1.0517130806255015,1.0
82,-0.13876274507279684,0.26833828684012384,1.0
83,0.711039883547578,0.9967132688950774,1.0
84,0.7739965125063455,-0.7105505254645625,1.0
85,-0.7518224090849757,-1.4200684162927675,0.0
86,-0.9395867183906511,0.5005613738126569,0.0
87,-1.284265645661887,-0.5814400539435955,0.0
88,1.387004558726487,0.9512310349454945,1.0
89,-0.6984840972576614,0.697201106204302,0.0
90,-1.3616094942687025,-0.07838181841691683,0.0
91,-1.0451605663502306,1.1474537276142718,0.0
92,1.0226812791120206,1.5960340246112406,1.0
93,0.20004484952485657,0.48625215735647487,1.0
94,-1.1295147177334506,0.3728726360516603,0.0
95,0.3473425631443614,0.8639004611295997,1.0
96,0.8499201164596211,1.5217518465298214,1.0
97,0.8462116202178354,-0.14820365842712901,1.0
98,-1.4510939048486176,-1.0179620026809486,0.0
99,0.850869267595831,0.14649354459316621,1.0
100,-1.194526676834493,1.083489286126038,0.0
101,-1.0785564703414805,1.0041547265241044,0.0
102,-0.8676541543196554,0.6774683787572101,0.0
103,1.1962163888875352,1.398012720205494,1.0
104,-0.6698078314641565,1.363297565869002,0.0
105,1.2787082953287237,-1.3055397835830793,1.0
106,-0.9039856677210794,0.9713561125779704,0.0
107,1.2185883242130668,1.514974612157912,0.0
108,1.134973437976019,2.224500527676765,1.0
109,-1.8572132090292608,-1.2798319847830482,0.0
110,1.4871146567820324,1.6093773191956244,1.0
111,1.6979097026249468,2.6569247723276472,1.0
112,1.1187151001506055,1.1913659399577723,1.0
113,-0.976360019599644,1.5197889200748294,0.0
114,-0.4161871164578803,-1.0868584950640792,0.0
115,-0.9144360345267829,1.4164270907041032,0.0
116,-0.8325993296930193,1.2523403115628589,0.0
117,-0.8592854661641587,1.7916552561514814,0.0
118,1.7608926995281409,-1.2891801296653973,1.0
119,1.9027364936087698,-2.982415982991749,1.0
120,-1.4747327437972877,-0.6009625763784863,0.0
121,-0.777100488551917,-1.9306828280876926,0.0
122,-1.1539683679646298,-1.6809489449908908,0.0
123,-1.2746315845507203,-1.8500207866629896,0.0
124,-0.7577971475597928,-0.9261918128157205,0.0
125,-0.8707234486238725,-0.7954278031460394,0.0
126,-1.2971573026828147,-0.300830183137643,0.0
127,-0.4587854438612834,-0.6925866651149271,0.0
128,1.9610034671163645,1.217652234515814,1.0
129,-1.14766960027163,0.9160975966072135,0.0
130,2.7227566308521585,-1.767320828842209,1.0
131,0.4411411148117389,0.34539071271446875,1.0
132,1.564438175937523,2.9590857150349086,1.0
133,1.0951714778373252,2.5317996948574617,1.0
134,0.2643035386897178,-0.8871439049550525,1.0
135,1.331894349139807,0.4993795806446524,1.0
136,0.36053204924214644,0.25307104958548965,1.0
137,-1.8680395046216949,-1.2245364023148793,0.0
138,-0.6757508799383458,1.4240607986841773,1.0
139,-1.013006270944549,0.33129615286791525,0.0
140,2.153603269670404,-2.9634392055079743,1.0
141,-1.1389284281412797,1.159376007308475,0.0
142,-1.083386429662007,-0.5459381114533548,0.0
143,-0.6314099599350593,-0.5948638790951157,0.0
144,0.10306380558451789,0.8349499017478184,1.0
145,-0.902340635892585,1.3034095537896442,0.0
146,-1.0717964037961494,0.9896269861107213,0.0
147,0.6519359823246529,-1.4631065041406175,1.0
148,-0.8889781393853767,0.5069904253351729,0.0
149,-1.1367464005834684,-1.496985364834642,0.0
150,1.3631703311846448,-1.2435481498072982,1.0
151,1.360571807578273,-1.675880389288047,1.0
152,0.20627577476298298,0.21775472758224823,1.0
153,1.304239620811893,1.981566490438205,1.0
154,-0.8936148383164965,1.204921769173532,0.0
155,-1.3729404518145765,0.4077676512696615,0.0
156,0.4321394823068727,0.6687587655950478,1.0
157,-1.0286450374238794,1.3985998113787788,0.0
158,-1.5673466702074295,-0.6863982119275839,0.0
159,0.6108284529326623,0.11458360340009466,1.0
160,-0.6884085520182516,-0.008226645447065417,0.0
161,-0.6709636295109205,1.46701882504085,0.0
162,1.674639967001104,-1.8330817910109884,1.0
163,-0.9989826756884522,1.5459302617433104,0.0
164,0.12838602168561875,-0.6217333498139279,1.0
165,-0.7350112833679794,-1.4394866384372915,0.0
166,-1.7828207949094454,-1.338454396498713,0.0
167,0.3076527951198824,0.2645387053415329,1.0
168,-1.3478471191398316,-1.7567436641863918,0.0
169,-0.8476585903898047,0.18917899580208375,0.0
170,-1.2232136054423712,-2.5161707710290275,0.0
171,-1.00228927923281,1.0306641642500933,0.0
172,-0.8867559108067811,1.5961024921511373,0.0
173,-0.17263465815846413,-0.12124574248804887,1.0
174,-1.451194223861201,-0.6409978018212034,0.0
175,-0.940016129153997,-1.3058223171820131,0.0
176,2.1459128723389007,2.1838376510031727,1.0
177,-0.860247793014606,1.6749956625233413,0.0
178,-0.9299275622494592,-1.406914966750932,0.0
179,-0.29986848216742923,-2.2203415616725444,0.0
180,1.4225793549285226,-1.5243038973785297,1.0
181,0.89902670300495,1.5027974225560883,1.0
182,-0.7175571027677626,1.2068975738933028,0.0
183,-1.0604890660155384,1.210821496683461,0.0
184,-1.0321873912037947,-0.12234057900837991,0.0
185,1.3392387940997048,1.8928859308372004,1.0
186,-0.49197826898278296,2.568243889541586,0.0
187,1.4800383786259752,1.2986884128495468,1.0
188,0.5561447513854889,0.44891710567046017,1.0
189,-0.44275617917879606,-1.049333486561323,0.0
190,-1.0657116881788735,-2.370399791536892,0.0
191,-0.6562329329391052,0.6839910455714742,1.0
192,1.0346067095396756,-0.7583266300455074,1.0
193,0.5043907119200177,0.5390422110549269,1.0
194,-1.2518216941224432,0.18486552130088552,0.0
195,-0.7107918164396156,-0.0248962874622376,0.0
196,-1.0451439341340243,1.0808226467369721,0.0
197,1.1935103100537217,0.686023234928105,1.0
198,-0.04448187798453396,0.7478714933909725,1.0
199,1.3112226450896605,1.2378683263554935,1.0
200,0.34136960532274185,1.2408738736867844,1.0
201,1.5469019347916027,1.4973008643169545,1.0
202,1.476477635159557,-2.0958466156349598,1.0
203,-0.008124013001462593,-0.2965763844963245,1.0
204,-1.3096542623096437,-1.0191958298054749,0.0
205,-1.2463805208932386,0.3190120656538906,0.0
206,-0.908380889276449,-0.577884390114134,0.0
207,0.7728985184487813,0.7785734860069293,1.0
208,-1.1395731641898812,0.8550609519393444,0.0
209,-1.428013643480286,-1.564777972894345,0.0
210,-1.3266001379843257,0.6504641295443794,0.0
211,1.4956012196637207,2.4065349678617656,1.0
212,-0.7465714836627073,-1.500784381676295,0.0
213,1.214356543835443,1.0425078673585557,1.0
214,-0.25674619115495956,0.7463313002273773,1.0
215,-0.9595564084421311,0.21579016786547667,0.0
216,-0.4310828867851835,-0.10318862980691257,1.0
217,0.5071478982954976,0.5105751768031268,1.0
218,-1.1226693168572723,1.7037312305891195,0.0
219,0.697572975185883,-0.6837409483148321,1.0
220,-0.6240981337175998,-1.6785947353963726,0.0
221,-1.2378603861201187,-0.7464482223067986,0.0
222,-1.3289691578456138,-2.442446422278376,0.0
223,-1.3770511183415108,-1.818265961319523,0.0
224,-0.9826472235973612,1.2207844998985722,0.0
225,-1.5776443937935687,-0.8863714263056319,0.0
226,-1.1503514867851385,0.1061898676418227,0.0
227,0.9466016661876085,-0.20604617082073007,1.0
228,0.5250903650854946,-0.2874765483188295,1.0
229,-0.8822206824591214,-0.6909816458566367,0.0
230,-0.9055404598368919,1.170538790970154,0.0
231,-1.1267111281109732,1.4095976991001615,0.0
232,1.2452385510229775,-1.5032886771807374,1.0
233,1.2742625027937229,1.4622128130706344,1.0
234,-1.260209977277661,0.5811976050809258,0.0
235,0.8519487351000379,1.5247261110345889,1.0
236,-0.6871477313262264,-1.0688073435990122,0.0
237,0.3268264530517033,-0.8814963018403015,1.0
238,-0.050455293892019304,0.5295791624200796,1.0
239,2.6261723761819553,-3.487462213709809,1.0
240,-0.7702981086487157,1.4695233039762623,0.0
241,-0.8304149392719467,-0.8967298747389507,0.0
242,2.419183500435582,-1.8844306431797204,1.0
243,-0.9613225323859533,-0.14533916662990998,0.0
244,-1.1274371255191036,0.6821565413960409,0.0
245,-0.6487551510195615,-1.5029412085991019,0.0
246,-1.3062940400839511,-0.36556277772416435,0.0
247,1.745971761489233,-1.2251824216896274,1.0
248,-0.8384352611210938,-0.49572297704335067,0.0
249,0.1563661954204315,-0.5981639349950794,1.0
250,0.37301451725934043,1.3869625525759204,1.0
251,2.040229715754638,-2.181704440435376,1.0
252,-0.9639383120415768,1.2935861008007445,1.0
253,-0.8508876554090935,1.326581077949141,0.0
254,0.9595024289016308,1.7015428683476936,1.0
255,1.9727634334263793,0.6520540096895409,1.0
256,-0.9614088753501437,-1.7940751147061615,0.0
257,0.7379596004676029,1.4080422388554448,1.0
258,-0.9680404386551329,-1.1203677813173096,0.0
259,0.7978703159314345,1.3306231430285436,1.0
260,1.959419092877904,1.990874131015095,1.0
261,-0.8627443465179342,-1.0693216113274047,0.0
262,1.6008249417895235,1.2739548448671612,1.0
263,2.162446572222145,-3.534711122012362,1.0
264,-0.7849803646510347,1.8010961326808324,0.0
265,1.1863180961257138,-0.4092569157220194,1.0
266,0.6115326848989826,-0.7959434797492986,1.0
267,0.8048877758243105,0.9672175973426524,1.0
268,-0.8535508517731402,1.0667039451382285,0.0
269,-1.121583451593514,1.3725808341953392,0.0
270,-0.7714229615290169,-0.01186663226211837,0.0
271,1.4688791081882475,-2.0437094079252844,1.0
272,0.6485250047063122,1.0298985216302108,1.0
273,-0.9896160861487073,-1.5869870022077124,0.0
274,0.9834078192924781,-0.05668229130992297,1.0
275,0.7871255332302117,-0.6346650700928216,1.0
276,-1.4447951548878617,1.7505841197272858,1.0
277,-0.9513030781634445,-1.40195539374053,0.0
278,-0.6737277970754239,-1.2701321099272285,0.0
279,1.2561318471974428,-0.716851000357673,1.0
280,2.213168314749323,2.7354260804701793,1.0
281,-1.1320511365011738,-2.0285778930517937,0.0
282,0.5523577535599381,0.34974055585928465,1.0
283,2.0013674778356636,1.3025454983220008,1.0
284,1.32086885437187,-0.16586087240579928,1.0
285,1.3028379974674227,1.321612484808504,1.0
286,-1.0471804959120943,-2.375873823871547,0.0
287,0.24377760843021745,0.27449324537214803,1.0
288,0.3096509602303066,0.8570338288221753,1.0
289,-1.0391555425219665,1.5523358648935113,0.0
290,-0.5748269126995157,-1.067782704643038,0.0
291,-1.2598553909840935,0.2597669301386255,0.0
292,-1.807779658612926,-2.8951732119033347,0.0
293,1.6126062845555187,1.1580073199377685,1.0
294,2.213929831398276,1.6905118035457962,1.0
295,-0.7743528715408114,1.608087961093811,0.0
296,1.4609704400176529,1.3161668262219572,1.0
297,-0.7906768492228697,1.707346481029406,1.0
298,-1.2143888488301162,-0.026697271937320632,0.0
299,-1.1027634282453302,1.150611411092435,0.0
300,1.0283662499719746,-1.6609327511728256,1.0
301,2.1453230475701552,-1.314962558692755,1.0
302,-0.5379741379614587,-0.9047032131690482,0.0
303,-0.41566912481117624,-0.2920236657155092,0.0
304,1.0947364406733147,-0.16433833017737087,1.0
305,-1.2200749926801067,-0.8954501389273479,0.0
306,2.0381222296864214,-0.5110718015700438,1.0
307,1.7959571975556408,-1.806331306607503,0.0
308,-0.6562068012489676,-1.4804617571539678,0.0
309,-1.2841125687961967,-1.584538832310848,0.0
310,-0.34488918436217175,-0.03042002898129037,0.0
311,-0.7017493742685905,0.14495095715986617,0.0
312,0.9359100444361815,-1.4524981074703522,1.0
313,-1.1032699612711376,0.8105854670100807,0.0
314,-0.8895295211405931,0.9461563905433708,0.0
315,1.4045349895550552,0.8159607067558877,1.0
316,-0.9252149865069829,0.6798863545724368,0.0
317,-0.993185416337693,-1.1173439126867657,0.0
318,0.9295456821008008,0.9688188045518146,1.0
319,1.5445172078259273,1.2270940205495757,1.0
320,-1.3130974622154952,-1.2170886886959666,0.0
321,-0.8498399342677395,0.8162713501503762,0.0
322,0.5178174301883007,0.15810007568526863,1.0
323,-0.8519552256155727,-0.38647851477035966,0.0
324,-0.9430357169762102,1.2129111067478617,0.0
325,-1.1480113909229328,0.4128704963439923,0.0
326,1.8635231431299233,2.5022423376995633,1.0
327,-1.720276385082236,-0.03552148319668402,0.0
328,2.3606321475002185,-1.3618762784159362,1.0
329,0.9102334999802733,-1.933405940883155,1.0
330,-1.2779730302442607,-1.8004500624497584,0.0
331,-1.0565054272790677,1.1925009787307843,0.0
332,-0.675055235369344,-0.3858726093484104,0.0
333,-1.1006562001834228,0.23857302805360225,0.0
334,1.3028972728333619,1.9423000931267005,1.0
335,2.065154950713558,-1.7241928175443069,1.0
336,-0.6196907914974482,1.5890603037326554,0.0
337,-0.9773030616725558,-2.5318935036875097,0.0
338,1.037199040223923,-0.2520012640005438,1.0
339,-1.1306819568945512,-0.6572398088854743,0.0
340,1.4008462565558095,-0.8394443626591483,1.0
341,2.15728349615853,-2.699178039378313,1.0
342,2.0463417952238236,1.4906201040987803,1.0
343,-1.0176964574587528,-1.8011525522284595,0.0
344,-0.10314643418838765,0.1572744509234375,1.0
345,1.4330250406579212,-0.9504637264592004,1.0
346,-0.7790788460225064,1.3302010793003582,0.0
347,0.4718418046575985,0.0063063653852371004,1.0
348,0.9573094051676815,0.5444916298998976,1.0
349,1.8703349869171408,-1.6416585782646425,1.0
350,-1.5943248691718783,0.703442710108861,0.0
351,1.5395838228340448,1.2338989488275687,1.0
352,0.06725840615452805,-0.08446306604215836,1.0
353,-0.9380485671788489,0.7866533038929362,0.0
354,1.3164808956985068,-1.4853727883456114,1.0
355,-0.630087729281954,-0.07094749647098453,1.0
356,-0.5145073059263552,-0.4429154024418698,1.0
357,-0.9455584480741139,1.330577463734787,0.0
358,2.5562963245634025,-2.7224887023876096,1.0
359,-1.3892249057526267,-0.06881897820124716,0.0
360,1.1417818197744516,-1.644041344507095,1.0
361,0.26365431325810507,0.03142825953816786,1.0
362,-1.033230188942035,0.6886151021427789,0.0
363,-1.4405220757560797,-0.44955127110057114,0.0
364,1.8393240143432923,-2.7196608877574437,1.0
365,1.408916784292629,1.3108437902041181,0.0
366,-0.8851847469512799,-1.4248892016445467,0.0
367,-1.450217946299389,-0.7039400465665779,0.0
368,0.8465127502524419,-0.10528386579652205,1.0
369,-0.49544651182239274,-0.9116724252850564,0.0
370,-0.9110626239427988,1.3695556237188367,0.0
371,1.4347142599857867,2.3173492617707545,1.0
372,-1.2794466444907981,0.6138490740060196,0.0
373,-0.9159415137019299,-0.2702755642706274,0.0
374,-1.0828014443535396,-1.7490913571464435,1.0
375,0.8262187505741355,0.7835056478439816,1.0
376,-0.7226683472120552,1.1509492650993838,0.0
377,-0.8220464552882835,1.438410300748198,0.0
378,-0.8768998617065018,1.2876173663884263,0.0
379,0.5236355187607062,-0.6362806890168392,1.0
380,-0.6724480092355789,-0.6252184633959447,0.0
381,-0.9397785574424766,-0.34151125937043403,0.0
382,3.0622679068989735,-3.3464527314173513,1.0
383,1.0875748535085343,-0.16731809091376948,1.0
384,0.6149091068447782,-0.12547529181988848,1.0
385,1.5753968630401136,-0.19149963842760998,1.0
386,1.6752979670093937,-0.9898152809882584,1.0
387,0.630617548177039,-0.7747052955856077,1.0
388,0.535720255252735,0.8843570064277622,1.0
389,-1.065737776367749,-0.8561979109434319,0.0
390,0.05596831719170381,0.5473098136503485,1.0
391,-0.8309722463043967,1.3750208614432156,0.0
392,-1.116790880356438,1.6865312668062833,0.0
393,0.7427443946866501,-0.1239835585114284,1.0
394,0.5084240244049552,0.08398644483772089,1.0
395,1.4357527389406304,-0.5097789162226996,1.0
396,-1.5409207478402869,-0.2174376334785677,0.0
397,1.299410870378487,1.4914235133364138,1.0
398,-1.1218205868989477,1.0842430150539923,0.0
399,-1.1520090143295394,0.8831815528952288,0.0
400,1.5282984804628208,0.5201393825752134,1.0
401,-0.8248076311406387,1.1166017955433947,0.0
402,0.9240044536579056,-0.7382085478659052,1.0
403,-0.9424379072849045,0.655195213841482,0.0
404,-1.1154145809880045,0.9826564140904729,0.0
405,-1.0618182574375135,1.4578409165136028,0.0
406,-1.5346297019490986,1.0489276401392473,0.0
407,1.213799081470382,-1.9426205730372637,1.0
408,0.4778074635266105,0.6674854618442725,1.0
409,-1.25256772672885,-1.4201267082345654,0.0
410,-0.6487417751102511,-0.20812281523028398,0.0
411,1.132290387554981,-2.238651573689194,1.0
412,1.3528043442922386,0.5625219701516987,1.0
413,-0.6184706144372449,-0.9872542325638958,0.0
414,1.0364481783181214,1.4671178683429653,1.0
415,1.4927693235619652,-1.9385011283292897,1.0
416,-0.6416591096263844,-0.657997281183625,0.0
417,1.2135933925798332,-1.8495160000240216,1.0
418,2.141756375857571,-2.8425211022814016,1.0
419,1.1368387622542748,-1.3288139457198542,1.0
420,-1.145614099890199,0.5718550905677067,0.0
421,-1.0475900188123362,-0.20635647287703096,0.0
422,-0.8949088276737931,-0.10771922391449462,0.0
423,1.2141184520105175,-1.4280869943278112,1.0
424,1.836901277167717,-2.3827282879686127,1.0
425,-0.6006654118373318,1.9013928654338361,0.0
426,-0.9003106262752443,1.0761335592077315,0.0
427,-1.1190302985476457,-0.5630167225352067,0.0
428,-1.1746462322901539,1.212652922367463,0.0
429,-0.6213770360295072,-0.564667267188443,0.0
430,-1.703295716362542,-1.066289982468584,0.0
431,-0.8163607670118167,1.7663213743852053,0.0
432,0.6666871090789612,0.8134022859935617,1.0
433,2.178911042858449,-2.147748331718351,1.0
434,-0.7681370395868843,1.7403330522334184,0.0
435,2.0374078343922895,-1.8104351558110534,1.0
436,-0.470822198940146,-1.6250635267201965,0.0
437,1.4119208163569934,1.8374780741633319,1.0
438,0.8385299340170052,-0.727921954133594,1.0
439,-1.0228415625305725,-1.4608841828593342,0.0
440,0.6544407899753264,0.45109489232217137,1.0
441,-0.1735902816908832,0.1154020065229403,1.0
442,0.5893677384234903,1.4687975802967848,1.0
443,0.3552122553412689,0.5266120166664696,1.0
444,0.4551919481709118,1.0050564147279069,1.0
445,0.5068963869342629,-0.020174866666793467,1.0
446,1.0114724290966695,0.685880703232622,1.0
447,0.5288565207676527,-1.1535461998122285,1.0
448,1.0815142907712048,-0.04912737809925627,1.0
449,-0.3814485428265373,0.4880677861014553,1.0
450,0.8085795497933173,0.21273124616121053,1.0
451,-0.21067701246543646,0.565873908740105,1.0
452,-0.40964094192278666,-0.05643667239978989,0.0
453,0.15219041481649798,0.06524237920724918,1.0
454,-1.4775885204208195,-2.3592499135312495,0.0
455,-0.7542588090944705,1.6612039881864717,0.0
456,1.3879352329554016,1.7338705687881522,1.0
457,0.9564686062264884,1.5793997946924212,1.0
458,-1.2313211774913326,-1.2920373167423242,0.0
459,-0.9683792156092113,0.4128535364681938,0.0
460,-0.8628512298292409,1.159078597199481,0.0
461,1.3116288944321277,1.0789186692402402,1.0
462,1.7600195551702535,0.8861295350169547,1.0
463,-1.0430567889207965,-0.09137790075355534,0.0
464,-0.2671957098001654,0.006895430349312726,1.0
465,1.2551326884076897,1.8234322235297098,1.0
466,-0.68753989269707,-0.27823388221703105,0.0
467,0.3059432404856499,-1.5230914072725408,1.0
468,0.7713469356565347,0.025846908400751878,1.0
469,2.3140214136048636,-2.131693579574406,1.0
470,-0.9560214318963396,1.5663226642841928,0.0
471,-0.6804512252057102,-1.6190019874212291,0.0
472,1.833876633945517,1.0859378182124704,1.0
473,-0.867448730648125,0.9670959047046435,0.0
474,0.47640980945126443,0.34119904362202313,1.0
475,-0.5687542796661911,-0.6494044175484877,1.0
476,-0.6699223899490916,-0.8255846444355408,0.0
477,-0.8039518417783443,1.2454707123962523,0.0
478,1.7534764550209005,-1.9481647950456376,1.0
479,-0.8826408261403274,1.647850708243337,0.0
480,-1.0565543087965843,0.8470236757495079,0.0
481,1.0765260307375,-0.7334006648778593,1.0
482,-1.0454333520962777,1.0389095816132,0.0
483,-0.6603437987280265,0.5505554373647805,1.0
484,0.7163784815305083,-0.9070773341662257,1.0
485,2.479363720617104,1.8522497825103352,1.0
486,-0.870875873259429,-1.4116882263498978,0.0
487,0.341711936070741,0.6899436503625298,1.0
488,-1.1335582403693267,0.6043264202222474,0.0
489,1.0347413951062712,-1.557862992711879,1.0
490,-1.1955756764681735,-0.9237839556548919,0.0
491,-1.2536481091542186,0.6343456669957888,0.0
492,-0.8198273963564481,0.8871444856840726,0.0
493,-1.0186940486172846,1.9454554943831162,0.0
494,0.5165156260193846,1.0327676646400716,1.0
495,-1.128000199320401,0.9546334842477868,0.0
496,-0.8655480905945175,1.0060470556743084,0.0
497,-1.1755083229949401,-1.3787272642158657,0.0
498,-1.2038315179278245,-0.8775073937746072,0.0
499,-0.8747066702730899,-0.5367141298074969,0.0
500,0.9187008953203002,0.7405233962724378,1.0
501,-0.5637428397941056,0.7955922938022493,1.0
502,0.5656298961381995,0.543555375227703,1.0
503,-1.1860562429715749,-0.9227814788843509,0.0
504,1.6826308166527888,1.294299500778758,1.0
505,1.1029383822303147,-2.1126173935648707,1.0
506,1.3644837623473123,-0.9627519954758025,1.0
507,-1.3632150969687526,0.13013684360711775,0.0
508,0.6428743487368019,0.36436457113396137,1.0
509,1.3343967836909636,0.25928853070089863,1.0
510,0.9763802393337071,0.6770737208841067,1.0
511,-1.3019810981987416,0.6298284716248211,0.0
512,-1.190206516245097,-1.2046858808203365,0.0
513,-1.3633669626404772,0.7239118087557623,0.0
514,-0.8304687273722109,0.6796602622095689,0.0
515,1.0767211733350268,1.3398544636667475,1.0
516,-1.1348694514182933,1.252758385656866,0.0
517,0.45974693099689246,-0.5641459497293173,1.0
518,1.3770687589296364,2.1879988080123454,1.0
519,-0.9721968044473345,-1.2677521281525062,0.0
520,1.2401484727952594,1.9646293301496265,1.0
521,-0.422602576993685,0.03203256842383251,1.0
522,1.8677899082975264,2.3839541876527983,1.0
523,1.6689778565154416,0.16000606043020027,1.0
524,-1.3286041721853643,1.2487432102208806,0.0
525,1.1038166880134328,1.7064829578302194,1.0
526,-1.2431073412847626,-0.3637663645678776,0.0
527,0.2222992462825606,0.40777722422577556,1.0
528,-0.6253095319173063,-0.0732605833668446,0.0
529,-1.022821946860523,-2.044092817792722,0.0
530,-1.2443453711300556,0.060115885905398514,0.0
531,-0.8738975206658868,0.5071527555811527,0.0
532,0.1200830711335159,0.017866653198004068,1.0
533,-0.8069725289708963,0.22412026024029086,0.0
534,1.4875431543186157,1.077413349459058,1.0
535,0.12076957222726903,0.6759102847797137,1.0
536,1.5678464277330162,-1.4494923048071775,1.0
537,-0.7852940695968837,1.2664533017338702,0.0
538,-0.7719871910528504,-1.5848529725401725,0.0
539,1.331416376549186,1.078655715913268,1.0
540,0.9537289940297283,1.806706498286779,1.0
541,1.1681352332328871,-1.2522775253401455,1.0
542,1.428116998966456,0.3786396389158876,1.0
543,0.8514694062574086,-1.4866468759696954,1.0
544,0.8615460201883032,0.7321404159259726,1.0
545,-0.9588330293818391,-0.7511159294134793,0.0
546,-1.5581246926574321,0.4288455193485452,0.0
547,1.7044797881526739,1.2821100095061329,1.0
548,-0.9640701437790026,0.7897417314765806,0.0
549,0.47649176108796043,0.17830821488963566,1.0
550,1.0335638449907285,-0.8264577586051742,1.0
551,0.9899029089151502,1.0085655835719909,1.0
552,1.1204231536412563,2.39337098285214,1.0
553,1.2711548918606006,1.4084693704031583,1.0
554,-0.3009012763464416,0.03129281774941339,1.0
555,-1.5160513004867133,-2.403955826031848,0.0
556,-1.4110452821525303,-1.7932892579626043,0.0
557,1.1865945735569539,-1.6969727252993114,1.0
558,0.43669330020598585,-0.4507746142844161,1.0
559,1.4029656237644477,0.5684515248339923,1.0
560,1.072589487943359,-0.5538347509638516,1.0
561,-0.9716293855437106,1.1939425122009604,0.0
562,1.2642854091816342,2.2004328093297834,1.0
563,1.2923894884145533,0.9837015652307753,1.0
564,-0.9340976665310265,0.5175105845749448,0.0
565,-0.8694986576717374,-1.682541384501052,0.0
566,-0.661368467405927,0.16885705596119172,0.0
567,-1.2675653495168713,0.4436589595957753,0.0
568,1.043247379574462,1.1881385802479196,1.0
569,-1.0313098355877486,1.3925150313167123,0.0
570,-1.82741258500629,-0.4990040018359788,0.0
571,1.9598197032173688,-2.893539822498917,1.0
572,2.8244213497424817,-3.1965396407147075,1.0
573,-0.6689943070787587,1.3442084536046885,0.0
574,-0.9960158333710282,-2.6618069264124555,0.0
575,-1.173220785224856,0.9309653453042784,0.0
576,-0.3821808361917164,-1.8585418656937014,0.0
577,0.08330080061550527,0.7702475989588802,1.0
578,-1.2951051997481242,-1.2719220551648116,0.0
579,3.1777177075190384,-3.5231090384839567,1.0
580,0.9279942756874043,1.1084744543311782,1.0
581,-0.8856064148061702,1.251651472560079,0.0
582,2.225016296454581,-2.4521590371269024,1.0
583,-1.3751214575404442,0.5839100686333114,0.0
584,-0.7835139502224282,-1.3063116883754557,0.0
585,0.7329789126433373,0.7960059211261639,1.0
586,-0.98072155789805,1.0013550477483082,0.0
587,-1.1374160394431791,-0.361465394056934,0.0
588,1.8197169119117895,1.007642005592205,1.0
589,-1.030665521949853,-0.01626046124767988,0.0
590,-0.7137296336532619,-0.3212577958439109,0.0
591,-1.2745678393122977,-0.4765062352602576,0.0
592,-0.9195448861718128,0.606471697407235,0.0
593,-0.5652988919738665,1.3844704227504547,0.0
594,-1.0505097558732628,1.278169516504458,0.0
595,2.329398938777266,-2.101105928868561,1.0
596,0.3534120308824633,-0.8219599839043064,1.0
597,1.1527943864696117,-1.2493137233703462,1.0
598,-0.8596600313536952,1.39665318635246,0.0
599,-1.0594919876245699,1.1136733147906068,0.0
600,1.0029235230361933,-0.7487379973850766,1.0
601,-1.19467719752589,-0.809582206786658,0.0
602,0.5555528398993725,-0.7412748243767135,1.0
603,0.015225024262284226,1.3326420631560443,1.0
604,-1.0123694034866042,0.608500749659568,0.0
605,0.8505060197587668,0.9923876691329528,1.0
606,-1.1105549611976917,-1.3881684176609195,0.0
607,-0.9280666547567519,-0.04035050591227396,0.0
608,-1.1439489766733453,-1.1600633556977222,0.0
609,-0.7618418418192823,1.6765989871803115,0.0
610,-1.0753712457052595,1.281957047596054,0.0
611,-0.9041575718865512,-1.6163668196829537,0.0
612,-0.8212951808823601,1.5109523245110505,0.0
613,-0.898080612213291,-0.4002667260386469,0.0
614,2.0357271729747892,1.4849954875765357,1.0
615,-0.8168820477847663,1.0917472649082265,0.0
616,-0.7066929802048441,-1.7578455218365252,0.0
617,-0.8487173964362162,1.4194553813923565,0.0
618,-1.316245212641534,-1.225161404080181,0.0
619,0.017871866067493802,1.0260698592951505,1.0
620,-1.1778041562973545,-1.7687687634706641,0.0
621,0.6739669897979645,-0.8749630448947567,1.0
622,-1.1408907433740172,0.3092156572397361,0.0
623,-1.0825701304586939,0.5526301323417584,0.0
624,-1.5891837588510351,-0.9220529991146897,0.0
625,-1.0341289110426968,0.4541327436352146,0.0
626,-0.7613304434094423,-0.9799719182003581,0.0
627,0.975233240632198,0.6924394272315283,1.0
628,-0.649728863367385,2.0035183773680023,0.0
629,0.5517065096391666,0.28159866070338535,1.0
630,-1.089030021843669,1.0538394606472483,0.0
631,-1.3426750748769574,-0.8451844436562863,0.0
632,-1.0069802118988636,1.0385460543262015,0.0
633,1.0596782771817952,1.6452188143913766,1.0
634,2.168056190608472,1.8764060545665755,1.0
635,0.08721039960024246,0.5795035300268159,1.0
636,-0.05538544715999316,-0.11564612174167066,0.0
637,-0.7179650318506481,1.4712977357417305,0.0
638,1.4688539236184877,1.5734424418552755,1.0
639,-0.9342378088068755,-0.8758055079397473,0.0
640,0.7896954850125192,-1.0878257960616171,1.0
641,0.8863647326457961,-0.7075405152205119,1.0
642,-1.2876735228932246,-1.6481995559769134,0.0
643,-1.0865187419967026,-0.9634786463024633,0.0
644,1.1048423577235158,0.5438160846392125,1.0
645,-1.248833382525661,-1.3251777108711347,0.0
646,1.2022205396119665,1.89179993372962,1.0
647,1.1114514749726712,1.2277212782330549,1.0
648,-0.7833106778445815,0.16263743147873033,0.0
649,-0.6965167406773543,1.1821423845516372,0.0
650,-1.097093598900626,0.7784490596248962,0.0
651,-1.064366619350638,1.2793186112774146,0.0
652,-1.8582443874210115,-0.653725677559688,0.0
653,-0.7597631860578093,1.210480240036341,0.0
654,0.4861027585000819,0.41409256191088173,1.0
655,-0.7620460912052551,0.7375154484677594,0.0
656,1.5093822956916227,-3.109247433922115,1.0
657,0.4209189458197602,0.0795446734314047,1.0
658,1.6931189692201545,-2.498405631571556,1.0
659,-0.6354697815597097,-0.9736424793346308,0.0
660,1.153633800235825,-2.1415207909419274,1.0
661,1.93175679259482,1.6076124268096756,1.0
662,-0.9141970107891075,0.9137534851698006,0.0
663,-1.2606296585455654,0.9835271602514095,0.0
664,1.5129534390578379,-0.917495419533382,1.0
665,1.2769814829019779,-1.1400942276885069,1.0
666,-0.830409457365644,1.026009433364607,0.0
667,0.8800772547108691,-0.968455014946406,1.0
668,1.288668455222226,-1.9503532882527645,1.0
669,-0.8294003288595663,1.7088758355098181,0.0
670,0.875867057665626,-0.024789114343677587,1.0
671,-0.5847613698738424,0.17692595395398358,0.0
672,-1.0551963699452833,0.207016422078935,0.0
673,-0.04910564621824931,0.5140859015579688,1.0
674,0.9913016354592752,0.319774131550038,1.0
675,0.9954826974655445,0.23597095991636696,1.0
676,1.895137462520546,-2.532694486814285,1.0
677,-0.1457521673602653,1.8706285576502721,1.0
678,-0.2904718613862731,1.2462566967410131,1.0
679,-0.9555737168531622,0.656668842166508,0.0
680,0.6378107640251514,0.8518303870603532,1.0
681,1.7935739883314512,-3.259963213470894,1.0
682,2.6489515724842505,-4.400539436211043,1.0
683,-1.4553266181552527,-1.8006007952258543,0.0
684,-0.9583307645330268,-1.718687032028643,0.0
685,-0.7287006513121934,-1.3860857569290514,0.0
686,-0.795703724142174,0.925829531112233,0.0
687,0.9347613697733445,0.9739975927974059,1.0
688,-0.9828019864515156,0.1257900246508501,0.0
689,-1.40023027646459,-1.160286788868023,0.0
690,1.129659282732031,1.447537270779487,1.0
691,2.320640974989214,-2.926130826861438,1.0
692,1.5587297728909717,1.6886653585748244,1.0
693,0.3829994879095324,-1.5757665130242011,1.0
694,-1.1635321435258428,-1.878082270632514,0.0
695,-0.9694866025179173,1.3710386854564691,0.0
696,2.696828413354882,-2.114634709022134,1.0
697,0.8755841536239249,1.069360760271962,1.0
698,0.7371156117305462,-0.20167938107984384,1.0
699,1.971183322992252,2.5587328357175005,1.0
700,-1.0572732545350592,1.241650355708837,0.0
701,1.0793348959453295,-1.2142146927548538,1.0
702,1.8711306973774757,1.0377062268218007,1.0
703,0.511987063450528,0.9530516017361222,1.0
704,-1.0349881349621601,-0.48604944136100403,0.0
705,-0.7846225955254637,0.3634801630250424,0.0
706,1.4868365147354259,2.9860021969912833,1.0
707,-1.138165028994005,-1.3889016592314913,0.0
708,-0.8184366789985948,1.6136672715133717,0.0
709,1.4100452190189972,-1.2291342228979278,1.0
710,1.9851210692171763,-2.1089548969940535,1.0
711,-0.8311319702485686,1.0167303969363437,0.0
712,-0.7377135949939572,1.0312559393510492,0.0
713,-0.855432397519156,-0.7967797354999246,0.0
714,1.6041471983785167,1.1553966534769744,1.0
715,-0.8630697450447458,1.4979668692100259,0.0
716,1.7616383805842761,-2.195970062381373,1.0
717,-0.7478244992223098,1.5972255246445866,0.0
718,-0.877629637489493,-0.0250309349651483,0.0
719,-1.286088480755729,-0.2805467139667831,0.0
720,1.5285810724654494,-1.90080618056334,1.0
721,-1.0026525881446573,-0.7816288830399871,0.0
722,0.056406499284437084,0.026809802665477167,1.0
723,0.29075237500619444,0.13636344962408242,1.0
724,-0.9201649658225474,-0.8027086180897378,0.0
725,0.8678198118850722,1.9143745751633923,1.0
726,-1.16793486894987,0.9029042791371942,0.0
727,1.2145035697185391,1.4519458774265894,1.0
728,1.0458574431989422,1.0271909013569602,1.0
729,-0.8912129088676249,1.1734488414592512,0.0
730,-0.8987709005962304,-1.5197758701366992,0.0
731,1.1540860385160723,-0.5650946345278132,1.0
732,0.9722101407821289,0.8575897057129945,1.0
733,-0.9403574294374772,1.3625369615153793,0.0
734,-1.6209936588041338,-0.49367742841139484,0.0
735,-0.3768363529636358,0.26290177346993393,1.0
736,0.8568363376353885,0.5406731544385865,1.0
737,1.764906428685722,-2.14083219237924,1.0
738,-1.5478525447614002,-0.33967854261663366,0.0
739,0.2450791071419962,1.0465975260019698,1.0
740,0.3850036093984954,0.6675698080076138,1.0
741,-0.8934278573519882,-1.0758274468259454,0.0
742,1.8559452375888914,-0.9872973636572867,1.0
743,-0.9202382831366589,1.2177037083641293,0.0
744,-0.8286416392836679,-2.298786468703618,0.0
745,-0.8206967218264427,1.768558543112062,0.0
746,0.7315975470510561,-1.0163143759056852,1.0
747,1.5191917109885869,-2.7703036438064563,1.0
748,1.1854280126707775,1.2230061146705102,1.0
749,-0.674477584394719,-0.9273297183086852,0.0
750,-1.2644901443377732,-0.24436000791292356,0.0
751,0.5285491056238039,-0.5550577877009102,1.0
752,-1.0203553141239114,0.35175075958249347,0.0
753,-0.8807012330032987,1.8127202119185681,0.0
754,-1.5368629913070868,-1.6891576476182433,0.0
755,-1.3169793048160068,-1.1631610348209531,0.0
756,-0.8905097987396462,-0.3448260372642342,0.0
757,-0.9215850527038196,0.7429251948365647,0.0
758,-1.1117775698897523,-1.0418766014652325,0.0
759,-0.019711621764909815,-0.03550674926549169,1.0
760,1.133594496064055,1.5043666927190944,1.0
761,-1.085601982533286,1.0271420338792663,0.0
762,-1.1754323523999548,1.4167644930555057,0.0
763,-1.2446060497132063,2.034810421533634,0.0
764,-0.821255588731989,1.6212430895259193,0.0
765,1.497600115919362,-1.5429923022740313,1.0
766,-0.9560028742049147,-0.025870624078762727,0.0
767,0.961000689191441,-0.7017062419877853,1.0
768,2.024495704647302,-1.885542646742069,1.0
769,0.7624713786606738,-0.9572954210112985,1.0
770,-1.233332485181728,0.011864870511861803,0.0
771,-1.0252612979665658,1.368790908458049,0.0
772,-1.164934165703935,0.6148851698958449,0.0
773,0.8820453362669572,1.1557902835551717,1.0
774,1.1132612824575026,-1.9304914228303485,1.0
775,1.1573964914188555,0.9996943653994752,1.0
776,0.5840400018625003,0.3833698996197027,1.0
777,1.8632134135837912,-2.5726005564332075,1.0
778,1.231756751335089,1.4079955079342221,1.0
779,1.2189929340742331,1.2490331646185941,1.0
780,0.718153958324499,0.8383237075236396,1.0
781,-0.2877265537561786,0.026285289731400763,1.0
782,1.5695966218068895,-1.4099356510038077,1.0
783,0.19498352806537567,-0.6804521096596717,1.0
784,2.209090931819403,-2.0649839917334942,1.0
785,-0.9356315726884825,1.5782435862120128,0.0
786,-0.4976173813828697,1.730963833009728,1.0
787,0.6341971466972833,-1.0099955119445132,1.0
788,0.19330803105424266,0.47625591077023866,1.0
789,-1.1161800158802477,0.43969895303865747,0.0
790,0.3686403841203274,0.1130198220570432,1.0
791,1.5689748532014232,-1.34653349545144,1.0
792,0.34494794332430434,0.5522108746859943,1.0
793,-0.35775402898372244,2.1535515371538936,1.0
794,0.517965593558104,1.3189297728737213,1.0
795,-0.8439688932902408,1.0205088023358304,0.0
796,-0.01089956971768391,0.8410243272669241,1.0
797,1.552220589999532,1.391122623516377,1.0
798,0.8051040813878269,-1.2502884041828435,1.0
799,-1.1592524985052133,0.4385330622657422,0.0
800,1.2385789832561818,1.0569256810880354,1.0
801,-0.0926203659110385,0.8703757602712343,1.0
802,1.5216129998479544,0.8055404878959816,1.0
803,-0.5711180229676258,-0.47482019234791073,0.0
804,-0.4212086976820767,-1.41702978868639,0.0
805,-0.3945096933912101,-1.4994249323571223,0.0
806,-0.849209621398795,-0.9095074425269856,0.0
807,-1.3500557899731156,-1.4518873463912054,0.0
808,-0.769458851765959,-0.49541311732881266,0.0
809,-1.2175234641385826,0.29892298401265294,0.0
810,-1.3339559335506708,-1.3551768055955387,0.0
811,1.04226136476679,0.401106937616002,1.0
812,-0.8336009169540207,0.6047381793210991,0.0
813,1.9792238893709508,-3.2852765271525324,1.0
814,-1.0601194195158787,0.9935712211293898,0.0
815,1.2719148364110073,0.7392662469374052,1.0
816,0.7455948872412745,0.5133081014899639,1.0
817,-1.192827984292601,0.5965489028057998,0.0
818,-0.4855567402841465,0.8154831900726147,1.0
819,-1.0131518361807907,0.6135175689413845,0.0
820,0.5971930118200859,-0.5948076372047821,1.0
821,0.9010605371152296,0.6416247159084433,1.0
822,1.0087702818420556,0.22124905302004105,1.0
823,0.8672739388133495,1.1567198332376698,1.0
824,0.0580269897090947,1.0904712296570502,1.0
825,-0.7560419023431852,0.8835733657443684,0.0
826,-1.2786672818193665,-0.46051515657588726,0.0
827,1.0429887369849478,-0.8913331113923796,1.0
828,-1.0628906951614656,0.9185517831397744,0.0
829,-1.1571827626992486,-0.8374944167812619,0.0
830,-0.9813285440764208,0.35579812988096093,0.0
831,-0.8281806439217339,0.35651430970826214,0.0
832,2.039741405152782,-2.3625344621405975,1.0
833,-1.3317921510207766,0.06053749264936781,0.0
834,1.6896497691708898,2.0212609903417365,1.0
835,-1.0416911771108743,1.216960722663475,0.0
836,-0.7637492666610648,-0.8821707751664257,0.0
837,0.18612783467071525,0.12085830171570955,1.0
838,-1.2871022587324485,-0.46338771572251836,0.0
839,-1.0537751141030447,0.8108246949193076,0.0
840,-1.0028068670039267,-1.1015658592302962,0.0
841,0.9083264606880231,1.5897885962303198,1.0
842,1.0222643801685416,-1.772106631686917,1.0
843,1.125924689654648,-0.867497093455645,1.0
844,-0.9580998009379719,0.17423764025619248,0.0
845,0.19193529151633626,0.9493250551300209,1.0
846,-1.3026089644103709,0.9696004627244158,0.0
847,-1.0331919577661914,0.27342687202563687,0.0
848,0.5034336156736805,0.04048051695500776,1.0
849,-1.3690586059855636,-2.455637496759363,0.0
850,0.536193250712053,1.6717651848504849,1.0
851,-1.19561448396268,-1.3191336091683454,0.0
852,-0.07435152836558068,0.06615905553548473,1.0
853,-1.0911732837832415,1.3821216495627948,0.0
854,-1.2796667838499796,-0.7465261662389644,0.0
855,0.5915125813540801,0.6058230752754535,1.0
856,-0.24401595798960873,-0.2650684513703886,0.0
857,0.03797783555432932,1.0094297584251142,1.0
858,-1.2368336714990928,0.9852381192951657,0.0
859,1.5054883912907777,-1.33107676690833,1.0
860,-1.1608591429283959,-1.6610085576315639,0.0
861,0.9478060719134652,0.8760352862588902,1.0
862,-0.9317941252561648,-2.0773260580511828,0.0
863,0.9696649156961705,1.3979142705350696,1.0
864,1.2609667997753817,-0.6115110056111333,1.0
865,0.5888647958968107,-0.9229520857257185,1.0
866,-1.1588964631708258,1.1660764530289578,0.0
867,-0.9359050624026009,-1.9372831804783015,0.0
868,0.7561230148304026,-0.6357962566800766,1.0
869,-0.31099853279493117,-0.7308134146990206,0.0
870,-1.000246584063053,0.663694601350969,0.0
871,1.0443585284697665,1.2052495774847467,1.0
872,-1.2057944309327895,1.4210403695189544,0.0
873,2.0168145830763757,-2.4877790763627767,1.0
874,1.658853092448937,-1.7225225570448846,1.0
875,1.5797370277069722,1.3541439246236413,1.0
876,-0.7231735552087797,-1.1241558709395796,0.0
877,1.4341009581156623,1.8451547019470707,1.0
878,-1.0639847319764943,-0.5923786156372327,0.0
879,1.1247268140336775,0.41654964928237015,1.0
880,-0.9483616981347517,-1.520480418298507,0.0
881,2.1395344706574795,-2.436810853440945,1.0
882,-0.8370122014568847,1.559153193539165,0.0
883,-0.5485815843779358,-0.754541801382374,0.0
884,-0.9308867182576797,-1.1780533720325705,0.0
885,0.8185330312530509,1.7107605208551626,1.0
886,-0.8674262414403187,1.1111276700723234,0.0
887,0.3949068995637698,0.664004445571099,1.0
888,2.7439204583935206,-3.0594200858855936,1.0
889,-1.1096623715585996,-0.3792319663650823,0.0
890,-1.0334598794125527,-1.3844970235669338,0.0
891,-0.36365380420946747,1.063704579791132,1.0
892,-1.5654160952433447,-0.49357158939726165,0.0
893,-1.2946532103159318,0.854123580748632,0.0
894,-0.8953939381862798,1.920857903670343,0.0
895,1.445758636899587,-1.5372318452836757,1.0
896,1.5840770299567621,1.4892153450254146,1.0
897,0.0928049152203827,-0.8837234802299768,1.0
898,1.3362772655445307,-2.0746068860752844,1.0
899,-0.8343083105099821,1.53690288670742,0.0
900,-0.7406939574410232,1.801139186052552,0.0
901,2.747944484454332,-2.1785087690807554,1.0
902,-0.7757694577246448,1.373665898776254,0.0
903,0.5011514366553353,-1.870089656958327,1.0
904,-0.8598613506756936,1.6035802147676446,0.0
905,1.934136211007899,-0.9078444345816318,1.0
906,-0.9979134698367713,1.283585159014324,0.0
907,-1.2998041912203822,-0.6475250991568784,0.0
908,0.4416354389052678,1.206921432599833,1.0
909,1.4466965463322912,-1.8679221548341967,1.0
910,0.15258175003569607,0.38104645810065585,1.0
911,1.641702653056038,-1.8020819637988503,1.0
912,0.7113805780846099,1.9776194099656508,1.0
913,0.2110007453027618,0.2975027148780156,1.0
914,-0.9678814834083016,0.2730290796066953,0.0
915,-1.3233933802084645,0.8276479492971252,0.0
916,-1.417010212456178,-2.7805888430200323,0.0
917,1.6534169635193556,0.6198877623111275,1.0
918,0.1466699125752482,-0.07304655774778823,1.0
919,-0.8690568727975567,1.1742845101488164,0.0
920,1.5106267256628954,2.3078145586484613,1.0
921,2.1460599280691914,1.5030154466040058,1.0
922,0.999339736967892,1.1247562714592325,1.0
923,1.142424593675241,-0.4501084858536788,1.0
924,2.2285469812167378,2.166457626442182,1.0
925,-0.9355234213378413,0.9167010786304255,0.0
926,-0.8632628806893419,-1.0872278050246742,0.0
927,-1.0173446043618684,0.708005721627983,0.0
928,2.0560524369979483,-1.7844046072274273,1.0
929,-0.6765336504177004,-0.5638857159633233,0.0
930,-1.1258718499923097,1.184781262412842,0.0
931,0.09764066309677943,-0.2116165216954673,1.0
932,-0.9320827386956378,1.4846179307063687,0.0
933,-1.2419115157434475,-1.84960306546584,0.0
934,-0.6085095923868196,-1.0330105469655786,0.0
935,1.979794416275669,-2.265851887748791,1.0
936,0.6143195895877676,-0.11464798779111829,1.0
937,1.6628295533517274,-1.864789317184787,1.0
938,1.21352342418782,1.6642703765597235,1.0
939,2.0487451406804267,-1.9758294189842736,1.0
940,1.5941724079647477,1.7677918488457314,1.0
941,-1.1244900053083209,-1.4872349664304805,0.0
942,-1.0858201018721363,0.7272223974373738,0.0
943,-0.5154406966541161,-0.5509582771008178,0.0
944,0.4510047507591346,0.3353390810524044,1.0
945,-0.7711051434761201,-1.2290944712188303,0.0
946,-0.9618672489466668,1.1863699193796031,0.0
947,-0.8657151311028695,-0.8028146553303778,0.0
948,0.6954287508242118,-0.8762442725173443,1.0
949,0.5409397815850354,-0.45357075178707595,1.0
950,0.887275078827537,0.982482198750786,1.0
951,1.4250939006680825,1.6667354060021338,1.0
952,-1.108033903296947,-1.3676435218307126,0.0
953,1.0425070221457926,-0.21426424173269631,1.0
954,1.1713303081827688,-0.577664357526998,1.0
955,-1.6987915750849152,-0.9792678852729324,0.0
956,2.103416779307808,-2.2104159462457105,1.0
957,1.6592496764880165,1.9986654117426583,1.0
958,0.7891580831037344,-0.26964121227147886,1.0
959,-0.6263028934348887,1.7092875150536986,0.0
960,0.4159770710632784,-0.24545648595781167,1.0
961,1.9937191791053817,-2.7612377047540386,1.0
962,1.591787469062025,-0.8315535857257704,1.0
963,-0.3051784268850456,-0.9142328805185486,0.0
964,-0.823687199943135,0.37916204014393484,0.0
965,1.6933425205960244,1.9795956331426665,1.0
966,-0.9223854676547651,1.550267936448333,0.0
967,-1.0398312598258457,0.6648310057372897,0.0
968,-0.3246783857652876,-1.9111079134421212,0.0
969,-1.067177679511608,1.124350821756175,0.0
970,1.3914048422331136,0.6119113597172468,1.0
971,0.39653985271308,-0.7951863473062345,1.0
972,0.33978962367048293,0.792455189509022,1.0
973,0.5071435887732961,1.8016640964290618,1.0
974,0.22587810313052425,-1.1123740575504695,1.0
975,-1.3696084668145871,-1.8429427194351011,0.0
976,1.690615893721547,2.2212880926252003,1.0
977,-0.5689065414166086,-0.8851544212533766,0.0
978,0.5128522206792776,0.723654928423017,1.0
979,1.4246252192441164,-1.6535422357945697,1.0
980,1.9734241732857996,-2.0185134565830936,1.0
981,-1.2363319468595593,0.9322687724386188,0.0
982,-1.1640653071473803,1.661530578507659,0.0
983,1.2706790984999778,1.9455341719075487,1.0
984,0.8239997124798998,-1.3256594224189315,1.0
985,-1.0403794710867915,0.7634132514973061,0.0
986,-0.6604223979031275,-1.0067895744049646,0.0
987,-1.0669504020915825,-1.6059555661285332,0.0
988,0.18466965916425782,0.5205721595532484,1.0
989,1.007110777902033,1.0536363496454266,0.0
990,-1.0656492687903087,0.6717223316564707,0.0
991,-0.8752789177179793,1.1828289307715718,0.0
992,-0.7474773190229025,-1.242228427633344,0.0
993,-1.1121211493749366,-1.155215173829418,0.0
994,0.24347912558714213,0.7014168025405707,1.0
995,-1.2412240417703633,-1.848086317064887,0.0
996,2.573075668912598,-2.948846207569077,1.0
997,-0.9698617780470793,0.34052269979403493,0.0
998,-1.0740304606903428,1.8265000982500172,0.0
999,-0.800779629831012,1.4263148407076383,0.0
